insert into ASSUNTO (ID, DESCRICAO, DT_CADASTRO, FL_ATIVO) values (1, 'Exoneração', '2020-09-03', true);
insert into ASSUNTO (ID, DESCRICAO, DT_CADASTRO, FL_ATIVO) values (2, 'Fixação', '2021-06-19', true);
insert into ASSUNTO (ID, DESCRICAO, DT_CADASTRO, FL_ATIVO) values (3, 'Oferta', '2021-03-04', true);
insert into ASSUNTO (ID, DESCRICAO, DT_CADASTRO, FL_ATIVO) values (4, 'Revisão', '2021-04-08', false);
insert into ASSUNTO (ID, DESCRICAO, DT_CADASTRO, FL_ATIVO) values (5, 'Dissolução', '2020-11-08', false);
insert into ASSUNTO (ID, DESCRICAO, DT_CADASTRO, FL_ATIVO) values (6, 'Nulidade / Anulação', '2020-11-07', false);
insert into ASSUNTO (ID, DESCRICAO, DT_CADASTRO, FL_ATIVO) values (7, 'Dispensa', '2020-11-02', false);
insert into ASSUNTO (ID, DESCRICAO, DT_CADASTRO, FL_ATIVO) values (8, 'Levantamento', '2020-11-21', true);
insert into ASSUNTO (ID, DESCRICAO, DT_CADASTRO, FL_ATIVO) values (9, 'Nomeação', '2020-08-26', false);
insert into ASSUNTO (ID, DESCRICAO, DT_CADASTRO, FL_ATIVO) values (10, 'Remoção', '2020-08-11', true);
insert into ASSUNTO (ID, DESCRICAO, DT_CADASTRO, FL_ATIVO) values (11, 'Adoção de Maior', '2020-10-10', true);
insert into ASSUNTO (ID, DESCRICAO, DT_CADASTRO, FL_ATIVO) values (12, 'Alienação Parental', '2021-04-01', false);
insert into ASSUNTO (ID, DESCRICAO, DT_CADASTRO, FL_ATIVO) values (13, 'Busca e Apreensão de Menores', '2021-03-09', true);
insert into ASSUNTO (ID, DESCRICAO, DT_CADASTRO, FL_ATIVO) values (14, 'Guarda', '2020-12-22', true);
insert into ASSUNTO (ID, DESCRICAO, DT_CADASTRO, FL_ATIVO) values (15, 'Guarda com genitor ou responsável no exterior', '2020-08-09', false);
insert into ASSUNTO (ID, DESCRICAO, DT_CADASTRO, FL_ATIVO) values (16, 'Investigação de Maternidade', '2021-06-12', false);
insert into ASSUNTO (ID, DESCRICAO, DT_CADASTRO, FL_ATIVO) values (17, 'Investigação de Paternidade', '2020-10-01', false);
insert into ASSUNTO (ID, DESCRICAO, DT_CADASTRO, FL_ATIVO) values (18, 'Regulamentação de Visitas', '2020-12-04', true);
insert into ASSUNTO (ID, DESCRICAO, DT_CADASTRO, FL_ATIVO) values (19, 'Suspensão ou Extinção do Poder Familiar', '2020-07-22', false);
insert into ASSUNTO (ID, DESCRICAO, DT_CADASTRO, FL_ATIVO) values (20, 'Dispensa', '2021-01-26', true);
insert into ASSUNTO (ID, DESCRICAO, DT_CADASTRO, FL_ATIVO) values (21, 'Nomeação', '2021-02-03', false);
insert into ASSUNTO (ID, DESCRICAO, DT_CADASTRO, FL_ATIVO) values (22, 'indenização', '2020-08-25', true);
insert into ASSUNTO (ID, DESCRICAO, DT_CADASTRO, FL_ATIVO) values (23, 'Reconhecimento / Dissolução', '2020-08-16', false);
insert into ASSUNTO (ID, DESCRICAO, DT_CADASTRO, FL_ATIVO) values (24, 'União Homoafetiva', '2021-01-07', true);
insert into ASSUNTO (ID, DESCRICAO, DT_CADASTRO, FL_ATIVO) values (25, 'Defeito, nulidade ou anulação', '2021-05-14', false);
insert into ASSUNTO (ID, DESCRICAO, DT_CADASTRO, FL_ATIVO) values (26, 'Evicção ou Vicio Redibitório', '2020-07-25', false);
insert into ASSUNTO (ID, DESCRICAO, DT_CADASTRO, FL_ATIVO) values (27, 'Compensação', '2021-01-09', false);
insert into ASSUNTO (ID, DESCRICAO, DT_CADASTRO, FL_ATIVO) values (28, 'Confusão', '2021-03-25', true);
insert into ASSUNTO (ID, DESCRICAO, DT_CADASTRO, FL_ATIVO) values (29, 'Dação em Pagamento', '2020-10-01', true);
insert into ASSUNTO (ID, DESCRICAO, DT_CADASTRO, FL_ATIVO) values (30, 'Desconto em folha de pagamento', '2020-08-09', false);
insert into ASSUNTO (ID, DESCRICAO, DT_CADASTRO, FL_ATIVO) values (31, 'Imputação do Pagamento', '2021-03-14', true);
insert into ASSUNTO (ID, DESCRICAO, DT_CADASTRO, FL_ATIVO) values (32, 'Novação', '2021-02-06', true);
insert into ASSUNTO (ID, DESCRICAO, DT_CADASTRO, FL_ATIVO) values (33, 'Pagamento', '2021-02-17', true);
insert into ASSUNTO (ID, DESCRICAO, DT_CADASTRO, FL_ATIVO) values (34, 'Pagamento com Sub-rogação', '2020-10-28', true);
insert into ASSUNTO (ID, DESCRICAO, DT_CADASTRO, FL_ATIVO) values (35, 'Pagamento em Consignação', '2021-03-19', false);
insert into ASSUNTO (ID, DESCRICAO, DT_CADASTRO, FL_ATIVO) values (36, 'Remissão das Dívidas', '2020-07-27', false);
insert into ASSUNTO (ID, DESCRICAO, DT_CADASTRO, FL_ATIVO) values (37, 'Enriquecimento sem Causa', '2020-12-21', true);
insert into ASSUNTO (ID, DESCRICAO, DT_CADASTRO, FL_ATIVO) values (38, 'Gestão de Negócios', '2020-09-28', true);
insert into ASSUNTO (ID, DESCRICAO, DT_CADASTRO, FL_ATIVO) values (39, 'Pagamento Indevido', '2021-06-14', true);
insert into ASSUNTO (ID, DESCRICAO, DT_CADASTRO, FL_ATIVO) values (40, 'Promessa de Recompensa', '2020-12-06', false);
insert into ASSUNTO (ID, DESCRICAO, DT_CADASTRO, FL_ATIVO) values (41, 'Agência e Distribuição', '2020-10-03', false);
insert into ASSUNTO (ID, DESCRICAO, DT_CADASTRO, FL_ATIVO) values (42, 'Alienação Fiduciária', '2020-12-26', true);
insert into ASSUNTO (ID, DESCRICAO, DT_CADASTRO, FL_ATIVO) values (43, 'Arrendamento Mercantil', '2020-10-25', false);
insert into ASSUNTO (ID, DESCRICAO, DT_CADASTRO, FL_ATIVO) values (44, 'Arrendamento Rural e base', '2020-11-10', false);
insert into ASSUNTO (ID, DESCRICAO, DT_CADASTRO, FL_ATIVO) values (45, 'Câmbio', '2021-02-17', false);
insert into ASSUNTO (ID, DESCRICAO, DT_CADASTRO, FL_ATIVO) values (46, 'Cartão de Crédito', '2021-02-18', false);
insert into ASSUNTO (ID, DESCRICAO, DT_CADASTRO, FL_ATIVO) values (47, 'Comissão', '2021-05-24', false);
insert into ASSUNTO (ID, DESCRICAO, DT_CADASTRO, FL_ATIVO) values (48, 'Comodato', '2021-01-11', false);
insert into ASSUNTO (ID, DESCRICAO, DT_CADASTRO, FL_ATIVO) values (49, 'Compra e Venda', '2020-09-05', true);
insert into ASSUNTO (ID, DESCRICAO, DT_CADASTRO, FL_ATIVO) values (50, 'Compromisso', '2020-08-07', false);
insert into INTERESSADO (ID, DT_NASCIMENTO, FL_ATIVO, NM_INTERESSADO, NU_IDENTIFICACAO) values (1, '2021-02-01', true, 'Cuis', 'Topicblab');
insert into INTERESSADO (ID, DT_NASCIMENTO, FL_ATIVO, NM_INTERESSADO, NU_IDENTIFICACAO) values (2, '2021-04-27', false, 'Painted stork', 'Buzzster');
insert into INTERESSADO (ID, DT_NASCIMENTO, FL_ATIVO, NM_INTERESSADO, NU_IDENTIFICACAO) values (3, '2021-03-16', false, 'Sockeye salmon', 'Camido');
insert into INTERESSADO (ID, DT_NASCIMENTO, FL_ATIVO, NM_INTERESSADO, NU_IDENTIFICACAO) values (4, '2021-05-18', false, 'White-winged dove', 'Roombo');
insert into INTERESSADO (ID, DT_NASCIMENTO, FL_ATIVO, NM_INTERESSADO, NU_IDENTIFICACAO) values (5, '2021-02-17', true, 'Barking gecko', 'Shuffledrive');
insert into INTERESSADO (ID, DT_NASCIMENTO, FL_ATIVO, NM_INTERESSADO, NU_IDENTIFICACAO) values (6, '2020-07-18', false, 'Lily trotter', 'Tazz');
insert into INTERESSADO (ID, DT_NASCIMENTO, FL_ATIVO, NM_INTERESSADO, NU_IDENTIFICACAO) values (7, '2020-11-11', true, 'Sloth, two-toed tree', 'Vitz');
insert into INTERESSADO (ID, DT_NASCIMENTO, FL_ATIVO, NM_INTERESSADO, NU_IDENTIFICACAO) values (8, '2020-09-23', true, 'Baboon, savanna', 'Blogtag');
insert into INTERESSADO (ID, DT_NASCIMENTO, FL_ATIVO, NM_INTERESSADO, NU_IDENTIFICACAO) values (9, '2021-02-22', true, 'Mountain goat', 'Kare');
insert into INTERESSADO (ID, DT_NASCIMENTO, FL_ATIVO, NM_INTERESSADO, NU_IDENTIFICACAO) values (10, '2020-10-10', false, 'Boa, cook''s tree', 'Eayo');
insert into INTERESSADO (ID, DT_NASCIMENTO, FL_ATIVO, NM_INTERESSADO, NU_IDENTIFICACAO) values (11, '2021-02-16', false, 'Gull, herring', 'Snaptags');
insert into INTERESSADO (ID, DT_NASCIMENTO, FL_ATIVO, NM_INTERESSADO, NU_IDENTIFICACAO) values (12, '2021-07-10', true, 'Javanese cormorant', 'Quatz');
insert into INTERESSADO (ID, DT_NASCIMENTO, FL_ATIVO, NM_INTERESSADO, NU_IDENTIFICACAO) values (13, '2020-09-01', true, 'Emu', 'Skaboo');
insert into INTERESSADO (ID, DT_NASCIMENTO, FL_ATIVO, NM_INTERESSADO, NU_IDENTIFICACAO) values (14, '2020-07-19', true, 'Swan, black', 'Kwimbee');
insert into INTERESSADO (ID, DT_NASCIMENTO, FL_ATIVO, NM_INTERESSADO, NU_IDENTIFICACAO) values (15, '2021-02-19', false, 'Desert kangaroo rat', 'Chatterbridge');
insert into INTERESSADO (ID, DT_NASCIMENTO, FL_ATIVO, NM_INTERESSADO, NU_IDENTIFICACAO) values (16, '2021-01-02', true, 'Coqui partridge', 'Snaptags');
insert into INTERESSADO (ID, DT_NASCIMENTO, FL_ATIVO, NM_INTERESSADO, NU_IDENTIFICACAO) values (17, '2021-04-24', true, 'Western pygmy possum', 'Kazio');
insert into INTERESSADO (ID, DT_NASCIMENTO, FL_ATIVO, NM_INTERESSADO, NU_IDENTIFICACAO) values (18, '2021-06-22', true, 'Colobus, magistrate black', 'Yakidoo');
insert into INTERESSADO (ID, DT_NASCIMENTO, FL_ATIVO, NM_INTERESSADO, NU_IDENTIFICACAO) values (19, '2020-12-22', false, 'Tayra', 'Roombo');
insert into INTERESSADO (ID, DT_NASCIMENTO, FL_ATIVO, NM_INTERESSADO, NU_IDENTIFICACAO) values (20, '2021-03-14', true, 'Woodchuck', 'Zoomdog');
insert into INTERESSADO (ID, DT_NASCIMENTO, FL_ATIVO, NM_INTERESSADO, NU_IDENTIFICACAO) values (21, '2021-03-12', true, 'Fisher', 'Aimbu');
insert into INTERESSADO (ID, DT_NASCIMENTO, FL_ATIVO, NM_INTERESSADO, NU_IDENTIFICACAO) values (22, '2021-06-28', true, 'Australian brush turkey', 'Trupe');
insert into INTERESSADO (ID, DT_NASCIMENTO, FL_ATIVO, NM_INTERESSADO, NU_IDENTIFICACAO) values (23, '2020-09-20', true, 'Black-capped capuchin', 'Latz');
insert into INTERESSADO (ID, DT_NASCIMENTO, FL_ATIVO, NM_INTERESSADO, NU_IDENTIFICACAO) values (24, '2020-12-01', true, 'Heron, grey', 'Rhybox');
insert into INTERESSADO (ID, DT_NASCIMENTO, FL_ATIVO, NM_INTERESSADO, NU_IDENTIFICACAO) values (25, '2021-01-21', true, 'Devil, tasmanian', 'Skiba');
insert into INTERESSADO (ID, DT_NASCIMENTO, FL_ATIVO, NM_INTERESSADO, NU_IDENTIFICACAO) values (26, '2021-03-03', false, 'Black vulture', 'Wikizz');
insert into INTERESSADO (ID, DT_NASCIMENTO, FL_ATIVO, NM_INTERESSADO, NU_IDENTIFICACAO) values (27, '2020-09-02', false, 'Butterfly (unidentified)', 'Dynazzy');
insert into INTERESSADO (ID, DT_NASCIMENTO, FL_ATIVO, NM_INTERESSADO, NU_IDENTIFICACAO) values (28, '2020-11-22', false, 'Monkey, vervet', 'Rhynoodle');
insert into INTERESSADO (ID, DT_NASCIMENTO, FL_ATIVO, NM_INTERESSADO, NU_IDENTIFICACAO) values (29, '2021-04-14', false, 'Squirrel, eastern fox', 'Jayo');
insert into INTERESSADO (ID, DT_NASCIMENTO, FL_ATIVO, NM_INTERESSADO, NU_IDENTIFICACAO) values (30, '2021-06-10', false, 'Barking gecko', 'Blogpad');
insert into INTERESSADO (ID, DT_NASCIMENTO, FL_ATIVO, NM_INTERESSADO, NU_IDENTIFICACAO) values (31, '2020-09-02', false, 'Rat, white-faced tree', 'Lajo');
insert into INTERESSADO (ID, DT_NASCIMENTO, FL_ATIVO, NM_INTERESSADO, NU_IDENTIFICACAO) values (32, '2020-12-07', false, 'Chickadee, black-capped', 'Flashdog');
insert into INTERESSADO (ID, DT_NASCIMENTO, FL_ATIVO, NM_INTERESSADO, NU_IDENTIFICACAO) values (33, '2021-03-16', false, 'Duck, blue', 'Rhyzio');
insert into INTERESSADO (ID, DT_NASCIMENTO, FL_ATIVO, NM_INTERESSADO, NU_IDENTIFICACAO) values (34, '2021-06-15', true, 'Bushpig', 'Dabshots');
insert into INTERESSADO (ID, DT_NASCIMENTO, FL_ATIVO, NM_INTERESSADO, NU_IDENTIFICACAO) values (35, '2021-02-24', true, 'Genet, small-spotted', 'Yozio');
insert into INTERESSADO (ID, DT_NASCIMENTO, FL_ATIVO, NM_INTERESSADO, NU_IDENTIFICACAO) values (36, '2021-05-14', true, 'Squirrel, pine', 'Eadel');
insert into INTERESSADO (ID, DT_NASCIMENTO, FL_ATIVO, NM_INTERESSADO, NU_IDENTIFICACAO) values (37, '2020-12-16', true, 'Crane, wattled', 'Aivee');
insert into INTERESSADO (ID, DT_NASCIMENTO, FL_ATIVO, NM_INTERESSADO, NU_IDENTIFICACAO) values (38, '2020-12-28', true, 'Black-cheeked waxbill', 'Photojam');
insert into INTERESSADO (ID, DT_NASCIMENTO, FL_ATIVO, NM_INTERESSADO, NU_IDENTIFICACAO) values (39, '2020-11-23', false, 'Owl, madagascar hawk', 'Ntags');
insert into INTERESSADO (ID, DT_NASCIMENTO, FL_ATIVO, NM_INTERESSADO, NU_IDENTIFICACAO) values (40, '2021-04-11', true, 'Bandicoot, southern brown', 'Midel');
insert into INTERESSADO (ID, DT_NASCIMENTO, FL_ATIVO, NM_INTERESSADO, NU_IDENTIFICACAO) values (41, '2020-10-25', true, 'Monitor lizard (unidentified)', 'Twitterbridge');
insert into INTERESSADO (ID, DT_NASCIMENTO, FL_ATIVO, NM_INTERESSADO, NU_IDENTIFICACAO) values (42, '2020-07-31', false, 'Coyote', 'Skynoodle');
insert into INTERESSADO (ID, DT_NASCIMENTO, FL_ATIVO, NM_INTERESSADO, NU_IDENTIFICACAO) values (43, '2021-07-07', false, 'Brush-tailed bettong', 'Jaxbean');
insert into INTERESSADO (ID, DT_NASCIMENTO, FL_ATIVO, NM_INTERESSADO, NU_IDENTIFICACAO) values (44, '2021-04-24', true, 'Otter, giant', 'JumpXS');
insert into INTERESSADO (ID, DT_NASCIMENTO, FL_ATIVO, NM_INTERESSADO, NU_IDENTIFICACAO) values (45, '2021-02-09', true, 'Bohor reedbuck', 'Gabcube');
insert into INTERESSADO (ID, DT_NASCIMENTO, FL_ATIVO, NM_INTERESSADO, NU_IDENTIFICACAO) values (46, '2021-06-04', false, 'Sugar glider', 'Rhyzio');
insert into INTERESSADO (ID, DT_NASCIMENTO, FL_ATIVO, NM_INTERESSADO, NU_IDENTIFICACAO) values (47, '2020-12-08', true, 'Polecat, african', 'Babbleopia');
insert into INTERESSADO (ID, DT_NASCIMENTO, FL_ATIVO, NM_INTERESSADO, NU_IDENTIFICACAO) values (48, '2021-01-29', true, 'Squirrel, european red', 'Quimba');
insert into INTERESSADO (ID, DT_NASCIMENTO, FL_ATIVO, NM_INTERESSADO, NU_IDENTIFICACAO) values (49, '2021-07-09', false, 'Cormorant, pied', 'Geba');
insert into INTERESSADO (ID, DT_NASCIMENTO, FL_ATIVO, NM_INTERESSADO, NU_IDENTIFICACAO) values (50, '2020-12-07', true, 'Tiger snake', 'Tazzy');
insert into PROCESSOS (ID, DESCRICAO, NU_ANO, SG_ORGAO_SETOR, ASSUNTO_ID_ASSUNTO_ID, INTERESSADO_ID_INTERESSADO_ID) values (1, 'Persevering tertiary architecture', 1996, 'VBUA', 9, 6);
insert into PROCESSOS (ID, DESCRICAO, NU_ANO, SG_ORGAO_SETOR, ASSUNTO_ID_ASSUNTO_ID, INTERESSADO_ID_INTERESSADO_ID) values (2, 'Total systematic protocol', 2007, 'ZOCA', 8, 46);
insert into PROCESSOS (ID, DESCRICAO, NU_ANO, SG_ORGAO_SETOR, ASSUNTO_ID_ASSUNTO_ID, INTERESSADO_ID_INTERESSADO_ID) values (3, 'Compatible didactic capacity', 2007, 'SNIE', 24, 45);
insert into PROCESSOS (ID, DESCRICAO, NU_ANO, SG_ORGAO_SETOR, ASSUNTO_ID_ASSUNTO_ID, INTERESSADO_ID_INTERESSADO_ID) values (4, 'Integrated even-keeled paradigm', 1995, 'HSIJ', 45, 31);
insert into PROCESSOS (ID, DESCRICAO, NU_ANO, SG_ORGAO_SETOR, ASSUNTO_ID_ASSUNTO_ID, INTERESSADO_ID_INTERESSADO_ID) values (5, 'Cross-platform exuding emulation', 2011, 'CIYM', 31, 40);
insert into PROCESSOS (ID, DESCRICAO, NU_ANO, SG_ORGAO_SETOR, ASSUNTO_ID_ASSUNTO_ID, INTERESSADO_ID_INTERESSADO_ID) values (6, 'Configurable asymmetric hub', 2011, 'MKJK', 16, 40);
insert into PROCESSOS (ID, DESCRICAO, NU_ANO, SG_ORGAO_SETOR, ASSUNTO_ID_ASSUNTO_ID, INTERESSADO_ID_INTERESSADO_ID) values (7, 'Cloned encompassing interface', 2008, 'DQVM', 16, 8);
insert into PROCESSOS (ID, DESCRICAO, NU_ANO, SG_ORGAO_SETOR, ASSUNTO_ID_ASSUNTO_ID, INTERESSADO_ID_INTERESSADO_ID) values (8, 'Mandatory zero defect functionalities', 1991, 'QTCV', 24, 33);
insert into PROCESSOS (ID, DESCRICAO, NU_ANO, SG_ORGAO_SETOR, ASSUNTO_ID_ASSUNTO_ID, INTERESSADO_ID_INTERESSADO_ID) values (9, 'Self-enabling scalable open architecture', 1997, 'BZWA', 5, 19);
insert into PROCESSOS (ID, DESCRICAO, NU_ANO, SG_ORGAO_SETOR, ASSUNTO_ID_ASSUNTO_ID, INTERESSADO_ID_INTERESSADO_ID) values (10, 'Diverse motivating Graphical User Interface', 2007, 'ZBWH', 33, 31);
insert into PROCESSOS (ID, DESCRICAO, NU_ANO, SG_ORGAO_SETOR, ASSUNTO_ID_ASSUNTO_ID, INTERESSADO_ID_INTERESSADO_ID) values (11, 'Synchronised mission-critical service-desk', 2005, 'GKVT', 41, 29);
insert into PROCESSOS (ID, DESCRICAO, NU_ANO, SG_ORGAO_SETOR, ASSUNTO_ID_ASSUNTO_ID, INTERESSADO_ID_INTERESSADO_ID) values (12, 'Ameliorated tangible service-desk', 2000, 'ZQUN', 2, 6);
insert into PROCESSOS (ID, DESCRICAO, NU_ANO, SG_ORGAO_SETOR, ASSUNTO_ID_ASSUNTO_ID, INTERESSADO_ID_INTERESSADO_ID) values (13, 'Persistent hybrid archive', 2012, 'XEHI', 8, 12);
insert into PROCESSOS (ID, DESCRICAO, NU_ANO, SG_ORGAO_SETOR, ASSUNTO_ID_ASSUNTO_ID, INTERESSADO_ID_INTERESSADO_ID) values (14, 'Extended cohesive data-warehouse', 1999, 'ZOUV', 16, 30);
insert into PROCESSOS (ID, DESCRICAO, NU_ANO, SG_ORGAO_SETOR, ASSUNTO_ID_ASSUNTO_ID, INTERESSADO_ID_INTERESSADO_ID) values (15, 'Open-architected fault-tolerant approach', 2012, 'CCFW', 23, 42);
insert into PROCESSOS (ID, DESCRICAO, NU_ANO, SG_ORGAO_SETOR, ASSUNTO_ID_ASSUNTO_ID, INTERESSADO_ID_INTERESSADO_ID) values (16, 'Virtual optimizing definition', 2011, 'CGWJ', 36, 49);
insert into PROCESSOS (ID, DESCRICAO, NU_ANO, SG_ORGAO_SETOR, ASSUNTO_ID_ASSUNTO_ID, INTERESSADO_ID_INTERESSADO_ID) values (17, 'Triple-buffered real-time pricing structure', 1993, 'ZAQQ', 15, 1);
insert into PROCESSOS (ID, DESCRICAO, NU_ANO, SG_ORGAO_SETOR, ASSUNTO_ID_ASSUNTO_ID, INTERESSADO_ID_INTERESSADO_ID) values (18, 'Switchable homogeneous forecast', 2004, 'XWMK', 43, 39);
insert into PROCESSOS (ID, DESCRICAO, NU_ANO, SG_ORGAO_SETOR, ASSUNTO_ID_ASSUNTO_ID, INTERESSADO_ID_INTERESSADO_ID) values (19, 'Switchable fresh-thinking internet solution', 1985, 'JEQL', 10, 4);
insert into PROCESSOS (ID, DESCRICAO, NU_ANO, SG_ORGAO_SETOR, ASSUNTO_ID_ASSUNTO_ID, INTERESSADO_ID_INTERESSADO_ID) values (20, 'User-centric secondary archive', 1994, 'WNVH', 5, 17);
-- insert into PROCESSOS (ID, DESCRICAO, NU_ANO, SG_ORGAO_SETOR, ASSUNTO_ID_ASSUNTO_ID, INTERESSADO_ID_INTERESSADO_ID, CHAVE_PROCESSO) values (21, 'Organized directional approach', 2009, 'FBMY', 31, 4, 'FBMY 22/2009');
-- insert into PROCESSOS (ID, DESCRICAO, NU_ANO, SG_ORGAO_SETOR, ASSUNTO_ID_ASSUNTO_ID, INTERESSADO_ID_INTERESSADO_ID, CHAVE_PROCESSO) values (22, 'Face to face next generation moratorium', 2011, 'ZNHQ', 45, 39, 'ZNHQ 35/2011');
-- insert into PROCESSOS (ID, DESCRICAO, NU_ANO, SG_ORGAO_SETOR, ASSUNTO_ID_ASSUNTO_ID, INTERESSADO_ID_INTERESSADO_ID, CHAVE_PROCESSO) values (23, 'Stand-alone bifurcated array', 1992, 'WGBV', 41, 2, 'WGBV 21/1992');
-- insert into PROCESSOS (ID, DESCRICAO, NU_ANO, SG_ORGAO_SETOR, ASSUNTO_ID_ASSUNTO_ID, INTERESSADO_ID_INTERESSADO_ID, CHAVE_PROCESSO) values (24, 'Vision-oriented zero administration groupware', 2006, 'LBVV', 45, 36, 'LBVV 40/2006');
-- insert into PROCESSOS (ID, DESCRICAO, NU_ANO, SG_ORGAO_SETOR, ASSUNTO_ID_ASSUNTO_ID, INTERESSADO_ID_INTERESSADO_ID, CHAVE_PROCESSO) values (25, 'Exclusive fault-tolerant matrices', 2009, 'LMQD', 46, 24, 'LMQD 13/2009');
-- insert into PROCESSOS (ID, DESCRICAO, NU_ANO, SG_ORGAO_SETOR, ASSUNTO_ID_ASSUNTO_ID, INTERESSADO_ID_INTERESSADO_ID, CHAVE_PROCESSO) values (26, 'Multi-layered transitional interface', 1998, 'QQQM', 44, 42, 'QQQM 20/1998');
-- insert into PROCESSOS (ID, DESCRICAO, NU_ANO, SG_ORGAO_SETOR, ASSUNTO_ID_ASSUNTO_ID, INTERESSADO_ID_INTERESSADO_ID, CHAVE_PROCESSO) values (27, 'Public-key tangible extranet', 2009, 'MKOC', 27, 10, 'MKOC 41/2009');
-- insert into PROCESSOS (ID, DESCRICAO, NU_ANO, SG_ORGAO_SETOR, ASSUNTO_ID_ASSUNTO_ID, INTERESSADO_ID_INTERESSADO_ID, CHAVE_PROCESSO) values (28, 'Synchronised responsive algorithm', 1998, 'BDVD', 30, 12, 'BDVD 47/1998');
-- insert into PROCESSOS (ID, DESCRICAO, NU_ANO, SG_ORGAO_SETOR, ASSUNTO_ID_ASSUNTO_ID, INTERESSADO_ID_INTERESSADO_ID, CHAVE_PROCESSO) values (29, 'Operative zero defect contingency', 1996, 'GWGR', 9, 38, 'GWGR 22/1996');
-- insert into PROCESSOS (ID, DESCRICAO, NU_ANO, SG_ORGAO_SETOR, ASSUNTO_ID_ASSUNTO_ID, INTERESSADO_ID_INTERESSADO_ID, CHAVE_PROCESSO) values (30, 'Diverse zero tolerance contingency', 2003, 'SAHB', 26, 5, 'SAHB 29/2003');
-- insert into PROCESSOS (ID, DESCRICAO, NU_ANO, SG_ORGAO_SETOR, ASSUNTO_ID_ASSUNTO_ID, INTERESSADO_ID_INTERESSADO_ID, CHAVE_PROCESSO) values (31, 'Multi-lateral hybrid functionalities', 1997, 'RNTO', 4, 30, 'RNTO 40/1997');
-- insert into PROCESSOS (ID, DESCRICAO, NU_ANO, SG_ORGAO_SETOR, ASSUNTO_ID_ASSUNTO_ID, INTERESSADO_ID_INTERESSADO_ID, CHAVE_PROCESSO) values (32, 'Open-architected object-oriented installation', 2005, 'UDSC', 35, 28, 'UDSC 41/2005');
-- insert into PROCESSOS (ID, DESCRICAO, NU_ANO, SG_ORGAO_SETOR, ASSUNTO_ID_ASSUNTO_ID, INTERESSADO_ID_INTERESSADO_ID, CHAVE_PROCESSO) values (33, 'Triple-buffered asynchronous leverage', 1992, 'WVTZ', 2, 8, 'WVTZ 8/1992');
-- insert into PROCESSOS (ID, DESCRICAO, NU_ANO, SG_ORGAO_SETOR, ASSUNTO_ID_ASSUNTO_ID, INTERESSADO_ID_INTERESSADO_ID, CHAVE_PROCESSO) values (34, 'Virtual contextually-based implementation', 1999, 'ULKB', 13, 45, 'ULKB 27/1999');
-- insert into PROCESSOS (ID, DESCRICAO, NU_ANO, SG_ORGAO_SETOR, ASSUNTO_ID_ASSUNTO_ID, INTERESSADO_ID_INTERESSADO_ID, CHAVE_PROCESSO) values (35, 'Vision-oriented multi-state initiative', 1990, 'AMNB', 17, 15, 'AMNB 10/1990');
-- insert into PROCESSOS (ID, DESCRICAO, NU_ANO, SG_ORGAO_SETOR, ASSUNTO_ID_ASSUNTO_ID, INTERESSADO_ID_INTERESSADO_ID, CHAVE_PROCESSO) values (36, 'Persistent motivating toolset', 2006, 'YNKX', 36, 24, 'YNKX 32/2006');
-- insert into PROCESSOS (ID, DESCRICAO, NU_ANO, SG_ORGAO_SETOR, ASSUNTO_ID_ASSUNTO_ID, INTERESSADO_ID_INTERESSADO_ID, CHAVE_PROCESSO) values (37, 'Persistent holistic secured line', 2006, 'WGOS', 37, 26, 'WGOS 43/2006');
-- insert into PROCESSOS (ID, DESCRICAO, NU_ANO, SG_ORGAO_SETOR, ASSUNTO_ID_ASSUNTO_ID, INTERESSADO_ID_INTERESSADO_ID, CHAVE_PROCESSO) values (38, 'Visionary hybrid standardization', 1997, 'POIU', 42, 49, 'POIU 28/1997');
-- insert into PROCESSOS (ID, DESCRICAO, NU_ANO, SG_ORGAO_SETOR, ASSUNTO_ID_ASSUNTO_ID, INTERESSADO_ID_INTERESSADO_ID, CHAVE_PROCESSO) values (39, 'Streamlined tangible synergy', 2010, 'UNOZ', 14, 15, 'UNOZ 2/2010');
-- insert into PROCESSOS (ID, DESCRICAO, NU_ANO, SG_ORGAO_SETOR, ASSUNTO_ID_ASSUNTO_ID, INTERESSADO_ID_INTERESSADO_ID, CHAVE_PROCESSO) values (40, 'Versatile real-time framework', 1995, 'UKNE', 12, 15, 'UKNE 21/1995');
-- insert into PROCESSOS (ID, DESCRICAO, NU_ANO, SG_ORGAO_SETOR, ASSUNTO_ID_ASSUNTO_ID, INTERESSADO_ID_INTERESSADO_ID, CHAVE_PROCESSO) values (41, 'Multi-layered motivating moderator', 1990, 'TXBH', 20, 16, 'TXBH 21/1990');
-- insert into PROCESSOS (ID, DESCRICAO, NU_ANO, SG_ORGAO_SETOR, ASSUNTO_ID_ASSUNTO_ID, INTERESSADO_ID_INTERESSADO_ID, CHAVE_PROCESSO) values (42, 'Face to face solution-oriented methodology', 1980, 'NPMO', 18, 20, 'NPMO 33/1980');
-- insert into PROCESSOS (ID, DESCRICAO, NU_ANO, SG_ORGAO_SETOR, ASSUNTO_ID_ASSUNTO_ID, INTERESSADO_ID_INTERESSADO_ID, CHAVE_PROCESSO) values (43, 'Up-sized bi-directional monitoring', 1987, 'FJZE', 15, 12, 'FJZE 38/1987');
-- insert into PROCESSOS (ID, DESCRICAO, NU_ANO, SG_ORGAO_SETOR, ASSUNTO_ID_ASSUNTO_ID, INTERESSADO_ID_INTERESSADO_ID, CHAVE_PROCESSO) values (44, 'Persevering scalable local area network', 2003, 'WQLX', 42, 44, 'WQLX 37/2003');
-- insert into PROCESSOS (ID, DESCRICAO, NU_ANO, SG_ORGAO_SETOR, ASSUNTO_ID_ASSUNTO_ID, INTERESSADO_ID_INTERESSADO_ID, CHAVE_PROCESSO) values (45, 'Public-key global infrastructure', 1996, 'APFC', 27, 26, 'APFC 5/1996');
-- insert into PROCESSOS (ID, DESCRICAO, NU_ANO, SG_ORGAO_SETOR, ASSUNTO_ID_ASSUNTO_ID, INTERESSADO_ID_INTERESSADO_ID, CHAVE_PROCESSO) values (46, 'Customer-focused fresh-thinking focus group', 1993, 'QEDM', 24, 32, 'QEDM 40/1993');
-- insert into PROCESSOS (ID, DESCRICAO, NU_ANO, SG_ORGAO_SETOR, ASSUNTO_ID_ASSUNTO_ID, INTERESSADO_ID_INTERESSADO_ID, CHAVE_PROCESSO) values (47, 'Monitored logistical interface', 1985, 'DZER', 42, 9, 'DZER 33/1985');
-- insert into PROCESSOS (ID, DESCRICAO, NU_ANO, SG_ORGAO_SETOR, ASSUNTO_ID_ASSUNTO_ID, INTERESSADO_ID_INTERESSADO_ID, CHAVE_PROCESSO) values (48, 'Organized mobile Graphic Interface', 1991, 'HVIH', 46, 23, 'HVIH 25/1991');
-- insert into PROCESSOS (ID, DESCRICAO, NU_ANO, SG_ORGAO_SETOR, ASSUNTO_ID_ASSUNTO_ID, INTERESSADO_ID_INTERESSADO_ID, CHAVE_PROCESSO) values (49, 'Profit-focused client-driven open architecture', 2009, 'PKLK', 18, 50, 'PKLK 10/2009');
-- insert into PROCESSOS (ID, DESCRICAO, NU_ANO, SG_ORGAO_SETOR, ASSUNTO_ID_ASSUNTO_ID, INTERESSADO_ID_INTERESSADO_ID, CHAVE_PROCESSO) values (50, 'Switchable bandwidth-monitored pricing structure', 2006, 'WYOE', 46, 19, 'WYOE 24/2006');
